,Data,Tipo,Valore
0,2020/03/01,retail_and_recreation,-33.0
1,2020/03/01,grocery_and_pharmacy,-9.0
2,2020/03/01,parks,-38.0
3,2020/03/01,transit_stations,-40.0
4,2020/03/01,workplaces,-14.0
5,2020/03/01,residential,7.0
6,2020/03/02,retail_and_recreation,-26.0
7,2020/03/02,grocery_and_pharmacy,-18.0
8,2020/03/02,parks,-53.0
9,2020/03/02,transit_stations,-44.0
10,2020/03/02,workplaces,-20.0
11,2020/03/02,residential,11.0
12,2020/03/03,retail_and_recreation,-13.0
13,2020/03/03,grocery_and_pharmacy,-1.0
14,2020/03/03,parks,16.0
15,2020/03/03,transit_stations,-35.0
16,2020/03/03,workplaces,-19.0
17,2020/03/03,residential,9.0
18,2020/03/04,retail_and_recreation,-14.0
19,2020/03/04,grocery_and_pharmacy,-1.0
20,2020/03/04,parks,46.0
21,2020/03/04,transit_stations,-34.0
22,2020/03/04,workplaces,-19.0
23,2020/03/04,residential,8.0
24,2020/03/05,retail_and_recreation,-22.0
25,2020/03/05,grocery_and_pharmacy,-6.0
26,2020/03/05,parks,-31.0
27,2020/03/05,transit_stations,-42.0
28,2020/03/05,workplaces,-21.0
29,2020/03/05,residential,11.0
30,2020/03/06,retail_and_recreation,-20.0
31,2020/03/06,grocery_and_pharmacy,-2.0
32,2020/03/06,parks,1.0
33,2020/03/06,transit_stations,-40.0
34,2020/03/06,workplaces,-22.0
35,2020/03/06,residential,11.0
36,2020/03/07,retail_and_recreation,-25.0
37,2020/03/07,grocery_and_pharmacy,-1.0
38,2020/03/07,parks,54.0
39,2020/03/07,transit_stations,-31.0
40,2020/03/07,workplaces,-19.0
41,2020/03/07,residential,7.0
42,2020/03/08,retail_and_recreation,-48.0
43,2020/03/08,grocery_and_pharmacy,-1.0
44,2020/03/08,parks,16.0
45,2020/03/08,transit_stations,-42.0
46,2020/03/08,workplaces,-19.0
47,2020/03/08,residential,8.0
48,2020/03/09,retail_and_recreation,-42.0
49,2020/03/09,grocery_and_pharmacy,-9.0
50,2020/03/09,parks,-35.0
51,2020/03/09,transit_stations,-57.0
52,2020/03/09,workplaces,-31.0
53,2020/03/09,residential,16.0
54,2020/03/10,retail_and_recreation,-50.0
55,2020/03/10,grocery_and_pharmacy,-8.0
56,2020/03/10,parks,-25.0
57,2020/03/10,transit_stations,-61.0
58,2020/03/10,workplaces,-38.0
59,2020/03/10,residential,20.0
60,2020/03/11,retail_and_recreation,-57.0
61,2020/03/11,grocery_and_pharmacy,-13.0
62,2020/03/11,parks,-23.0
63,2020/03/11,transit_stations,-65.0
64,2020/03/11,workplaces,-43.0
65,2020/03/11,residential,22.0
66,2020/03/12,retail_and_recreation,-74.0
67,2020/03/12,grocery_and_pharmacy,-26.0
68,2020/03/12,parks,-62.0
69,2020/03/12,transit_stations,-74.0
70,2020/03/12,workplaces,-52.0
71,2020/03/12,residential,28.0
72,2020/03/13,retail_and_recreation,-78.0
73,2020/03/13,grocery_and_pharmacy,-27.0
74,2020/03/13,parks,-57.0
75,2020/03/13,transit_stations,-76.0
76,2020/03/13,workplaces,-58.0
77,2020/03/13,residential,31.0
78,2020/03/14,retail_and_recreation,-86.0
79,2020/03/14,grocery_and_pharmacy,-46.0
80,2020/03/14,parks,-80.0
81,2020/03/14,transit_stations,-80.0
82,2020/03/14,workplaces,-63.0
83,2020/03/14,residential,26.0
84,2020/03/15,retail_and_recreation,-91.0
85,2020/03/15,grocery_and_pharmacy,-58.0
86,2020/03/15,parks,-78.0
87,2020/03/15,transit_stations,-83.0
88,2020/03/15,workplaces,-57.0
89,2020/03/15,residential,22.0
90,2020/03/16,retail_and_recreation,-78.0
91,2020/03/16,grocery_and_pharmacy,-35.0
92,2020/03/16,parks,-62.0
93,2020/03/16,transit_stations,-79.0
94,2020/03/16,workplaces,-63.0
95,2020/03/16,residential,30.0
96,2020/03/17,retail_and_recreation,-80.0
97,2020/03/17,grocery_and_pharmacy,-39.0
98,2020/03/17,parks,-59.0
99,2020/03/17,transit_stations,-80.0
100,2020/03/17,workplaces,-65.0
101,2020/03/17,residential,32.0
102,2020/03/18,retail_and_recreation,-82.0
103,2020/03/18,grocery_and_pharmacy,-42.0
104,2020/03/18,parks,-67.0
105,2020/03/18,transit_stations,-81.0
106,2020/03/18,workplaces,-66.0
107,2020/03/18,residential,33.0
108,2020/03/19,retail_and_recreation,-82.0
109,2020/03/19,grocery_and_pharmacy,-43.0
110,2020/03/19,parks,-72.0
111,2020/03/19,transit_stations,-82.0
112,2020/03/19,workplaces,-67.0
113,2020/03/19,residential,34.0
114,2020/03/20,retail_and_recreation,-82.0
115,2020/03/20,grocery_and_pharmacy,-40.0
116,2020/03/20,parks,-76.0
117,2020/03/20,transit_stations,-82.0
118,2020/03/20,workplaces,-68.0
119,2020/03/20,residential,36.0
120,2020/03/21,retail_and_recreation,-88.0
121,2020/03/21,grocery_and_pharmacy,-55.0
122,2020/03/21,parks,-84.0
123,2020/03/21,transit_stations,-83.0
124,2020/03/21,workplaces,-67.0
125,2020/03/21,residential,27.0
126,2020/03/22,retail_and_recreation,-95.0
127,2020/03/22,grocery_and_pharmacy,-80.0
128,2020/03/22,parks,-92.0
129,2020/03/22,transit_stations,-89.0
130,2020/03/22,workplaces,-65.0
131,2020/03/22,residential,24.0
132,2020/03/23,retail_and_recreation,-84.0
133,2020/03/23,grocery_and_pharmacy,-47.0
134,2020/03/23,parks,-82.0
135,2020/03/23,transit_stations,-86.0
136,2020/03/23,workplaces,-74.0
137,2020/03/23,residential,35.0
138,2020/03/24,retail_and_recreation,-84.0
139,2020/03/24,grocery_and_pharmacy,-48.0
140,2020/03/24,parks,-78.0
141,2020/03/24,transit_stations,-85.0
142,2020/03/24,workplaces,-74.0
143,2020/03/24,residential,36.0
144,2020/03/25,retail_and_recreation,-86.0
145,2020/03/25,grocery_and_pharmacy,-50.0
146,2020/03/25,parks,-82.0
147,2020/03/25,transit_stations,-86.0
148,2020/03/25,workplaces,-75.0
149,2020/03/25,residential,37.0
150,2020/03/26,retail_and_recreation,-86.0
151,2020/03/26,grocery_and_pharmacy,-51.0
152,2020/03/26,parks,-83.0
153,2020/03/26,transit_stations,-86.0
154,2020/03/26,workplaces,-77.0
155,2020/03/26,residential,39.0
156,2020/03/27,retail_and_recreation,-86.0
157,2020/03/27,grocery_and_pharmacy,-47.0
158,2020/03/27,parks,-82.0
159,2020/03/27,transit_stations,-86.0
160,2020/03/27,workplaces,-77.0
161,2020/03/27,residential,40.0
162,2020/03/28,retail_and_recreation,-89.0
163,2020/03/28,grocery_and_pharmacy,-59.0
164,2020/03/28,parks,-85.0
165,2020/03/28,transit_stations,-85.0
166,2020/03/28,workplaces,-70.0
167,2020/03/28,residential,28.0
168,2020/03/29,retail_and_recreation,-95.0
169,2020/03/29,grocery_and_pharmacy,-81.0
170,2020/03/29,parks,-91.0
171,2020/03/29,transit_stations,-89.0
172,2020/03/29,workplaces,-65.0
173,2020/03/29,residential,24.0
174,2020/03/30,retail_and_recreation,-85.0
175,2020/03/30,grocery_and_pharmacy,-48.0
176,2020/03/30,parks,-82.0
177,2020/03/30,transit_stations,-85.0
178,2020/03/30,workplaces,-75.0
179,2020/03/30,residential,36.0
180,2020/03/31,retail_and_recreation,-92.0
181,2020/03/31,grocery_and_pharmacy,-42.0
182,2020/03/31,parks,-78.0
183,2020/03/31,transit_stations,-84.0
184,2020/03/31,workplaces,-76.0
185,2020/03/31,residential,37.0
186,2020/04/01,retail_and_recreation,-92.0
187,2020/04/01,grocery_and_pharmacy,-40.0
188,2020/04/01,parks,-78.0
189,2020/04/01,transit_stations,-84.0
190,2020/04/01,workplaces,-75.0
191,2020/04/01,residential,37.0
192,2020/04/02,retail_and_recreation,-92.0
193,2020/04/02,grocery_and_pharmacy,-40.0
194,2020/04/02,parks,-78.0
195,2020/04/02,transit_stations,-84.0
196,2020/04/02,workplaces,-75.0
197,2020/04/02,residential,38.0
198,2020/04/03,retail_and_recreation,-88.0
199,2020/04/03,grocery_and_pharmacy,-39.0
200,2020/04/03,parks,-78.0
201,2020/04/03,transit_stations,-84.0
202,2020/04/03,workplaces,-74.0
203,2020/04/03,residential,39.0
204,2020/04/04,retail_and_recreation,-91.0
205,2020/04/04,grocery_and_pharmacy,-53.0
206,2020/04/04,parks,-84.0
207,2020/04/04,transit_stations,-84.0
208,2020/04/04,workplaces,-68.0
209,2020/04/04,residential,28.0
210,2020/04/05,retail_and_recreation,-96.0
211,2020/04/05,grocery_and_pharmacy,-77.0
212,2020/04/05,parks,-90.0
213,2020/04/05,transit_stations,-88.0
214,2020/04/05,workplaces,-64.0
215,2020/04/05,residential,24.0
216,2020/04/06,retail_and_recreation,-86.0
217,2020/04/06,grocery_and_pharmacy,-39.0
218,2020/04/06,parks,-77.0
219,2020/04/06,transit_stations,-83.0
220,2020/04/06,workplaces,-71.0
221,2020/04/06,residential,34.0
222,2020/04/07,retail_and_recreation,-85.0
223,2020/04/07,grocery_and_pharmacy,-39.0
224,2020/04/07,parks,-75.0
225,2020/04/07,transit_stations,-83.0
226,2020/04/07,workplaces,-72.0
227,2020/04/07,residential,35.0
228,2020/04/08,retail_and_recreation,-85.0
229,2020/04/08,grocery_and_pharmacy,-37.0
230,2020/04/08,parks,-77.0
231,2020/04/08,transit_stations,-83.0
232,2020/04/08,workplaces,-71.0
233,2020/04/08,residential,35.0
234,2020/04/09,retail_and_recreation,-84.0
235,2020/04/09,grocery_and_pharmacy,-33.0
236,2020/04/09,parks,-77.0
237,2020/04/09,transit_stations,-83.0
238,2020/04/09,workplaces,-71.0
239,2020/04/09,residential,35.0
240,2020/04/10,retail_and_recreation,-84.0
241,2020/04/10,grocery_and_pharmacy,-29.0
242,2020/04/10,parks,-77.0
243,2020/04/10,transit_stations,-82.0
244,2020/04/10,workplaces,-73.0
245,2020/04/10,residential,38.0
246,2020/04/11,retail_and_recreation,-89.0
247,2020/04/11,grocery_and_pharmacy,-47.0
248,2020/04/11,parks,-83.0
249,2020/04/11,transit_stations,-82.0
250,2020/04/11,workplaces,-67.0
251,2020/04/11,residential,27.0
252,2020/04/12,retail_and_recreation,-97.0
253,2020/04/12,grocery_and_pharmacy,-95.0
254,2020/04/12,parks,-91.0
255,2020/04/12,transit_stations,-90.0
256,2020/04/12,workplaces,-68.0
257,2020/04/12,residential,25.0
258,2020/04/13,retail_and_recreation,-96.0
259,2020/04/13,grocery_and_pharmacy,-84.0
260,2020/04/13,parks,-85.0
261,2020/04/13,transit_stations,-92.0
262,2020/04/13,workplaces,-92.0
263,2020/04/13,residential,43.0
264,2020/04/14,retail_and_recreation,-83.0
265,2020/04/14,grocery_and_pharmacy,-40.0
266,2020/04/14,parks,-74.0
267,2020/04/14,transit_stations,-82.0
268,2020/04/14,workplaces,-68.0
269,2020/04/14,residential,34.0
270,2020/04/15,retail_and_recreation,-83.0
271,2020/04/15,grocery_and_pharmacy,-38.0
272,2020/04/15,parks,-75.0
273,2020/04/15,transit_stations,-82.0
274,2020/04/15,workplaces,-67.0
275,2020/04/15,residential,34.0
276,2020/04/16,retail_and_recreation,-82.0
277,2020/04/16,grocery_and_pharmacy,-38.0
278,2020/04/16,parks,-75.0
279,2020/04/16,transit_stations,-82.0
280,2020/04/16,workplaces,-67.0
281,2020/04/16,residential,34.0
282,2020/04/17,retail_and_recreation,-83.0
283,2020/04/17,grocery_and_pharmacy,-36.0
284,2020/04/17,parks,-75.0
285,2020/04/17,transit_stations,-82.0
286,2020/04/17,workplaces,-67.0
287,2020/04/17,residential,36.0
288,2020/04/18,retail_and_recreation,-88.0
289,2020/04/18,grocery_and_pharmacy,-55.0
290,2020/04/18,parks,-82.0
291,2020/04/18,transit_stations,-81.0
292,2020/04/18,workplaces,-63.0
293,2020/04/18,residential,27.0
294,2020/04/19,retail_and_recreation,-95.0
295,2020/04/19,grocery_and_pharmacy,-79.0
296,2020/04/19,parks,-89.0
297,2020/04/19,transit_stations,-87.0
298,2020/04/19,workplaces,-60.0
299,2020/04/19,residential,23.0
300,2020/04/20,retail_and_recreation,-82.0
301,2020/04/20,grocery_and_pharmacy,-52.0
302,2020/04/20,parks,-81.0
303,2020/04/20,transit_stations,-83.0
304,2020/04/20,workplaces,-65.0
305,2020/04/20,residential,32.0
306,2020/04/21,retail_and_recreation,-82.0
307,2020/04/21,grocery_and_pharmacy,-49.0
308,2020/04/21,parks,-75.0
309,2020/04/21,transit_stations,-82.0
310,2020/04/21,workplaces,-65.0
311,2020/04/21,residential,33.0
312,2020/04/22,retail_and_recreation,-82.0
313,2020/04/22,grocery_and_pharmacy,-46.0
314,2020/04/22,parks,-72.0
315,2020/04/22,transit_stations,-80.0
316,2020/04/22,workplaces,-63.0
317,2020/04/22,residential,32.0
318,2020/04/23,retail_and_recreation,-81.0
319,2020/04/23,grocery_and_pharmacy,-45.0
320,2020/04/23,parks,-73.0
321,2020/04/23,transit_stations,-80.0
322,2020/04/23,workplaces,-64.0
323,2020/04/23,residential,33.0
324,2020/04/24,retail_and_recreation,-81.0
325,2020/04/24,grocery_and_pharmacy,-39.0
326,2020/04/24,parks,-73.0
327,2020/04/24,transit_stations,-80.0
328,2020/04/24,workplaces,-64.0
329,2020/04/24,residential,34.0
330,2020/04/25,retail_and_recreation,-92.0
331,2020/04/25,grocery_and_pharmacy,-69.0
332,2020/04/25,parks,-82.0
333,2020/04/25,transit_stations,-84.0
334,2020/04/25,workplaces,-71.0
335,2020/04/25,residential,28.0
336,2020/04/26,retail_and_recreation,-94.0
337,2020/04/26,grocery_and_pharmacy,-74.0
338,2020/04/26,parks,-86.0
339,2020/04/26,transit_stations,-85.0
340,2020/04/26,workplaces,-57.0
341,2020/04/26,residential,23.0
342,2020/04/27,retail_and_recreation,-78.0
343,2020/04/27,grocery_and_pharmacy,-42.0
344,2020/04/27,parks,-72.0
345,2020/04/27,transit_stations,-79.0
346,2020/04/27,workplaces,-61.0
347,2020/04/27,residential,30.0
348,2020/04/28,retail_and_recreation,-80.0
349,2020/04/28,grocery_and_pharmacy,-46.0
350,2020/04/28,parks,-71.0
351,2020/04/28,transit_stations,-80.0
352,2020/04/28,workplaces,-62.0
353,2020/04/28,residential,30.0
354,2020/04/29,retail_and_recreation,-80.0
355,2020/04/29,grocery_and_pharmacy,-42.0
356,2020/04/29,parks,-70.0
357,2020/04/29,transit_stations,-79.0
358,2020/04/29,workplaces,-61.0
359,2020/04/29,residential,31.0
360,2020/04/30,retail_and_recreation,-77.0
361,2020/04/30,grocery_and_pharmacy,-34.0
362,2020/04/30,parks,-75.0
363,2020/04/30,transit_stations,-79.0
364,2020/04/30,workplaces,-61.0
365,2020/04/30,residential,31.0
366,2020/05/01,retail_and_recreation,-93.0
367,2020/05/01,grocery_and_pharmacy,-83.0
368,2020/05/01,parks,-79.0
369,2020/05/01,transit_stations,-89.0
370,2020/05/01,workplaces,-89.0
371,2020/05/01,residential,45.0
372,2020/05/02,retail_and_recreation,-83.0
373,2020/05/02,grocery_and_pharmacy,-45.0
374,2020/05/02,parks,-76.0
375,2020/05/02,transit_stations,-77.0
376,2020/05/02,workplaces,-58.0
377,2020/05/02,residential,25.0
378,2020/05/03,retail_and_recreation,-92.0
379,2020/05/03,grocery_and_pharmacy,-66.0
380,2020/05/03,parks,-82.0
381,2020/05/03,transit_stations,-82.0
382,2020/05/03,workplaces,-50.0
383,2020/05/03,residential,22.0
384,2020/05/04,retail_and_recreation,-64.0
385,2020/05/04,grocery_and_pharmacy,-31.0
386,2020/05/04,parks,-20.0
387,2020/05/04,transit_stations,-65.0
388,2020/05/04,workplaces,-49.0
389,2020/05/04,residential,21.0
390,2020/05/05,retail_and_recreation,-65.0
391,2020/05/05,grocery_and_pharmacy,-31.0
392,2020/05/05,parks,-17.0
393,2020/05/05,transit_stations,-66.0
394,2020/05/05,workplaces,-49.0
395,2020/05/05,residential,23.0
396,2020/05/06,retail_and_recreation,-66.0
397,2020/05/06,grocery_and_pharmacy,-32.0
398,2020/05/06,parks,-24.0
399,2020/05/06,transit_stations,-66.0
400,2020/05/06,workplaces,-48.0
401,2020/05/06,residential,23.0
402,2020/05/07,retail_and_recreation,-64.0
403,2020/05/07,grocery_and_pharmacy,-31.0
404,2020/05/07,parks,-15.0
405,2020/05/07,transit_stations,-65.0
406,2020/05/07,workplaces,-48.0
407,2020/05/07,residential,23.0
408,2020/05/08,retail_and_recreation,-65.0
409,2020/05/08,grocery_and_pharmacy,-28.0
410,2020/05/08,parks,-20.0
411,2020/05/08,transit_stations,-65.0
412,2020/05/08,workplaces,-48.0
413,2020/05/08,residential,24.0
414,2020/05/09,retail_and_recreation,-67.0
415,2020/05/09,grocery_and_pharmacy,-35.0
416,2020/05/09,parks,-15.0
417,2020/05/09,transit_stations,-57.0
418,2020/05/09,workplaces,-43.0
419,2020/05/09,residential,17.0
420,2020/05/10,retail_and_recreation,-76.0
421,2020/05/10,grocery_and_pharmacy,-56.0
422,2020/05/10,parks,-39.0
423,2020/05/10,transit_stations,-64.0
424,2020/05/10,workplaces,-29.0
425,2020/05/10,residential,14.0
426,2020/05/11,retail_and_recreation,-68.0
427,2020/05/11,grocery_and_pharmacy,-42.0
428,2020/05/11,parks,-66.0
429,2020/05/11,transit_stations,-72.0
430,2020/05/11,workplaces,-47.0
431,2020/05/11,residential,23.0
432,2020/05/12,retail_and_recreation,-61.0
433,2020/05/12,grocery_and_pharmacy,-28.0
434,2020/05/12,parks,-21.0
435,2020/05/12,transit_stations,-64.0
436,2020/05/12,workplaces,-46.0
437,2020/05/12,residential,22.0
438,2020/05/13,retail_and_recreation,-67.0
439,2020/05/13,grocery_and_pharmacy,-34.0
440,2020/05/13,parks,-57.0
441,2020/05/13,transit_stations,-69.0
442,2020/05/13,workplaces,-46.0
443,2020/05/13,residential,23.0
444,2020/05/14,retail_and_recreation,-61.0
445,2020/05/14,grocery_and_pharmacy,-27.0
446,2020/05/14,parks,-18.0
447,2020/05/14,transit_stations,-63.0
448,2020/05/14,workplaces,-45.0
449,2020/05/14,residential,21.0
450,2020/05/15,retail_and_recreation,-64.0
451,2020/05/15,grocery_and_pharmacy,-29.0
452,2020/05/15,parks,-41.0
453,2020/05/15,transit_stations,-66.0
454,2020/05/15,workplaces,-46.0
455,2020/05/15,residential,24.0
456,2020/05/16,retail_and_recreation,-65.0
457,2020/05/16,grocery_and_pharmacy,-34.0
458,2020/05/16,parks,-30.0
459,2020/05/16,transit_stations,-58.0
460,2020/05/16,workplaces,-37.0
461,2020/05/16,residential,17.0
462,2020/05/17,retail_and_recreation,-70.0
463,2020/05/17,grocery_and_pharmacy,-51.0
464,2020/05/17,parks,-17.0
465,2020/05/17,transit_stations,-58.0
466,2020/05/17,workplaces,-22.0
467,2020/05/17,residential,13.0
468,2020/05/18,retail_and_recreation,-42.0
469,2020/05/18,grocery_and_pharmacy,-24.0
470,2020/05/18,parks,9.0
471,2020/05/18,transit_stations,-56.0
472,2020/05/18,workplaces,-40.0
473,2020/05/18,residential,17.0
474,2020/05/19,retail_and_recreation,-46.0
475,2020/05/19,grocery_and_pharmacy,-23.0
476,2020/05/19,parks,-23.0
477,2020/05/19,transit_stations,-59.0
478,2020/05/19,workplaces,-41.0
479,2020/05/19,residential,19.0
480,2020/05/20,retail_and_recreation,-41.0
481,2020/05/20,grocery_and_pharmacy,-19.0
482,2020/05/20,parks,25.0
483,2020/05/20,transit_stations,-53.0
484,2020/05/20,workplaces,-39.0
485,2020/05/20,residential,17.0
486,2020/05/21,retail_and_recreation,-40.0
487,2020/05/21,grocery_and_pharmacy,-18.0
488,2020/05/21,parks,19.0
489,2020/05/21,transit_stations,-54.0
490,2020/05/21,workplaces,-41.0
491,2020/05/21,residential,17.0
492,2020/05/22,retail_and_recreation,-41.0
493,2020/05/22,grocery_and_pharmacy,-17.0
494,2020/05/22,parks,17.0
495,2020/05/22,transit_stations,-54.0
496,2020/05/22,workplaces,-39.0
497,2020/05/22,residential,18.0
498,2020/05/23,retail_and_recreation,-43.0
499,2020/05/23,grocery_and_pharmacy,-23.0
500,2020/05/23,parks,15.0
501,2020/05/23,transit_stations,-43.0
502,2020/05/23,workplaces,-26.0
503,2020/05/23,residential,11.0
504,2020/05/24,retail_and_recreation,-43.0
505,2020/05/24,grocery_and_pharmacy,-34.0
506,2020/05/24,parks,34.0
507,2020/05/24,transit_stations,-40.0
508,2020/05/24,workplaces,-9.0
509,2020/05/24,residential,7.0
510,2020/05/25,retail_and_recreation,-37.0
511,2020/05/25,grocery_and_pharmacy,-22.0
512,2020/05/25,parks,24.0
513,2020/05/25,transit_stations,-54.0
514,2020/05/25,workplaces,-39.0
515,2020/05/25,residential,15.0
516,2020/05/26,retail_and_recreation,-36.0
517,2020/05/26,grocery_and_pharmacy,-18.0
518,2020/05/26,parks,35.0
519,2020/05/26,transit_stations,-52.0
520,2020/05/26,workplaces,-37.0
521,2020/05/26,residential,15.0
522,2020/05/27,retail_and_recreation,-36.0
523,2020/05/27,grocery_and_pharmacy,-16.0
524,2020/05/27,parks,33.0
525,2020/05/27,transit_stations,-51.0
526,2020/05/27,workplaces,-37.0
527,2020/05/27,residential,15.0
528,2020/05/28,retail_and_recreation,-36.0
529,2020/05/28,grocery_and_pharmacy,-16.0
530,2020/05/28,parks,25.0
531,2020/05/28,transit_stations,-52.0
532,2020/05/28,workplaces,-37.0
533,2020/05/28,residential,15.0
534,2020/05/29,retail_and_recreation,-36.0
535,2020/05/29,grocery_and_pharmacy,-14.0
536,2020/05/29,parks,22.0
537,2020/05/29,transit_stations,-51.0
538,2020/05/29,workplaces,-37.0
539,2020/05/29,residential,16.0
540,2020/05/30,retail_and_recreation,-35.0
541,2020/05/30,grocery_and_pharmacy,-18.0
542,2020/05/30,parks,39.0
543,2020/05/30,transit_stations,-35.0
544,2020/05/30,workplaces,-21.0
545,2020/05/30,residential,8.0
546,2020/05/31,retail_and_recreation,-37.0
547,2020/05/31,grocery_and_pharmacy,-28.0
548,2020/05/31,parks,38.0
549,2020/05/31,transit_stations,-37.0
550,2020/05/31,workplaces,-1.0
551,2020/05/31,residential,6.0
552,2020/06/01,retail_and_recreation,-16.0
553,2020/06/01,grocery_and_pharmacy,1.0
554,2020/06/01,parks,109.0
555,2020/06/01,transit_stations,-44.0
556,2020/06/01,workplaces,-53.0
557,2020/06/01,residential,14.0
558,2020/06/02,retail_and_recreation,-35.0
559,2020/06/02,grocery_and_pharmacy,-36.0
560,2020/06/02,parks,184.0
561,2020/06/02,transit_stations,-54.0
562,2020/06/02,workplaces,-77.0
563,2020/06/02,residential,22.0
564,2020/06/03,retail_and_recreation,-37.0
565,2020/06/03,grocery_and_pharmacy,-15.0
566,2020/06/03,parks,1.0
567,2020/06/03,transit_stations,-49.0
568,2020/06/03,workplaces,-35.0
569,2020/06/03,residential,14.0
570,2020/06/04,retail_and_recreation,-42.0
571,2020/06/04,grocery_and_pharmacy,-21.0
572,2020/06/04,parks,-57.0
573,2020/06/04,transit_stations,-58.0
574,2020/06/04,workplaces,-38.0
575,2020/06/04,residential,17.0
576,2020/06/05,retail_and_recreation,-28.0
577,2020/06/05,grocery_and_pharmacy,-12.0
578,2020/06/05,parks,38.0
579,2020/06/05,transit_stations,-46.0
580,2020/06/05,workplaces,-35.0
581,2020/06/05,residential,12.0
582,2020/06/06,retail_and_recreation,-30.0
583,2020/06/06,grocery_and_pharmacy,-19.0
584,2020/06/06,parks,40.0
585,2020/06/06,transit_stations,-35.0
586,2020/06/06,workplaces,-19.0
587,2020/06/06,residential,6.0
588,2020/06/07,retail_and_recreation,-46.0
589,2020/06/07,grocery_and_pharmacy,-33.0
590,2020/06/07,parks,-62.0
591,2020/06/07,transit_stations,-58.0
592,2020/06/07,workplaces,-8.0
593,2020/06/07,residential,9.0
594,2020/06/08,retail_and_recreation,-32.0
595,2020/06/08,grocery_and_pharmacy,-22.0
596,2020/06/08,parks,-23.0
597,2020/06/08,transit_stations,-53.0
598,2020/06/08,workplaces,-35.0
599,2020/06/08,residential,13.0
600,2020/06/09,retail_and_recreation,-27.0
601,2020/06/09,grocery_and_pharmacy,-16.0
602,2020/06/09,parks,14.0
603,2020/06/09,transit_stations,-48.0
604,2020/06/09,workplaces,-34.0
605,2020/06/09,residential,12.0
606,2020/06/10,retail_and_recreation,-29.0
607,2020/06/10,grocery_and_pharmacy,-15.0
608,2020/06/10,parks,-6.0
609,2020/06/10,transit_stations,-49.0
610,2020/06/10,workplaces,-33.0
611,2020/06/10,residential,13.0
612,2020/06/11,retail_and_recreation,-25.0
613,2020/06/11,grocery_and_pharmacy,-13.0
614,2020/06/11,parks,-3.0
615,2020/06/11,transit_stations,-49.0
616,2020/06/11,workplaces,-34.0
617,2020/06/11,residential,13.0
618,2020/06/12,retail_and_recreation,-24.0
619,2020/06/12,grocery_and_pharmacy,-13.0
620,2020/06/12,parks,42.0
621,2020/06/12,transit_stations,-44.0
622,2020/06/12,workplaces,-34.0
623,2020/06/12,residential,11.0
624,2020/06/13,retail_and_recreation,-29.0
625,2020/06/13,grocery_and_pharmacy,-20.0
626,2020/06/13,parks,38.0
627,2020/06/13,transit_stations,-35.0
628,2020/06/13,workplaces,-16.0
629,2020/06/13,residential,5.0
630,2020/06/14,retail_and_recreation,-27.0
631,2020/06/14,grocery_and_pharmacy,-24.0
632,2020/06/14,parks,34.0
633,2020/06/14,transit_stations,-34.0
634,2020/06/14,workplaces,5.0
635,2020/06/14,residential,2.0
636,2020/06/15,retail_and_recreation,-25.0
637,2020/06/15,grocery_and_pharmacy,-19.0
638,2020/06/15,parks,27.0
639,2020/06/15,transit_stations,-46.0
640,2020/06/15,workplaces,-32.0
641,2020/06/15,residential,10.0
642,2020/06/16,retail_and_recreation,-21.0
643,2020/06/16,grocery_and_pharmacy,-13.0
644,2020/06/16,parks,39.0
645,2020/06/16,transit_stations,-44.0
646,2020/06/16,workplaces,-31.0
647,2020/06/16,residential,11.0
648,2020/06/17,retail_and_recreation,-24.0
649,2020/06/17,grocery_and_pharmacy,-13.0
650,2020/06/17,parks,13.0
651,2020/06/17,transit_stations,-46.0
652,2020/06/17,workplaces,-32.0
653,2020/06/17,residential,11.0
654,2020/06/18,retail_and_recreation,-22.0
655,2020/06/18,grocery_and_pharmacy,-15.0
656,2020/06/18,parks,33.0
657,2020/06/18,transit_stations,-44.0
658,2020/06/18,workplaces,-32.0
659,2020/06/18,residential,10.0
660,2020/06/19,retail_and_recreation,-22.0
661,2020/06/19,grocery_and_pharmacy,-14.0
662,2020/06/19,parks,36.0
663,2020/06/19,transit_stations,-43.0
664,2020/06/19,workplaces,-33.0
665,2020/06/19,residential,9.0
666,2020/06/20,retail_and_recreation,-23.0
667,2020/06/20,grocery_and_pharmacy,-18.0
668,2020/06/20,parks,80.0
669,2020/06/20,transit_stations,-27.0
670,2020/06/20,workplaces,-13.0
671,2020/06/20,residential,1.0
672,2020/06/21,retail_and_recreation,-27.0
673,2020/06/21,grocery_and_pharmacy,-26.0
674,2020/06/21,parks,58.0
675,2020/06/21,transit_stations,-28.0
676,2020/06/21,workplaces,6.0
677,2020/06/21,residential,-2.0
678,2020/06/22,retail_and_recreation,-22.0
679,2020/06/22,grocery_and_pharmacy,-17.0
680,2020/06/22,parks,51.0
681,2020/06/22,transit_stations,-43.0
682,2020/06/22,workplaces,-33.0
683,2020/06/22,residential,8.0
684,2020/06/23,retail_and_recreation,-18.0
685,2020/06/23,grocery_and_pharmacy,-12.0
686,2020/06/23,parks,72.0
687,2020/06/23,transit_stations,-41.0
688,2020/06/23,workplaces,-32.0
689,2020/06/23,residential,8.0
690,2020/06/24,retail_and_recreation,-20.0
691,2020/06/24,grocery_and_pharmacy,-12.0
692,2020/06/24,parks,55.0
693,2020/06/24,transit_stations,-41.0
694,2020/06/24,workplaces,-30.0
695,2020/06/24,residential,8.0
696,2020/06/25,retail_and_recreation,-20.0
697,2020/06/25,grocery_and_pharmacy,-12.0
698,2020/06/25,parks,38.0
699,2020/06/25,transit_stations,-42.0
700,2020/06/25,workplaces,-31.0
701,2020/06/25,residential,8.0
702,2020/06/26,retail_and_recreation,-21.0
703,2020/06/26,grocery_and_pharmacy,-13.0
704,2020/06/26,parks,47.0
705,2020/06/26,transit_stations,-41.0
706,2020/06/26,workplaces,-32.0
707,2020/06/26,residential,7.0
708,2020/06/27,retail_and_recreation,-25.0
709,2020/06/27,grocery_and_pharmacy,-19.0
710,2020/06/27,parks,62.0
711,2020/06/27,transit_stations,-28.0
712,2020/06/27,workplaces,-16.0
713,2020/06/27,residential,0.0
714,2020/06/28,retail_and_recreation,-29.0
715,2020/06/28,grocery_and_pharmacy,-26.0
716,2020/06/28,parks,39.0
717,2020/06/28,transit_stations,-31.0
718,2020/06/28,workplaces,10.0
719,2020/06/28,residential,-3.0
720,2020/06/29,retail_and_recreation,-20.0
721,2020/06/29,grocery_and_pharmacy,-15.0
722,2020/06/29,parks,46.0
723,2020/06/29,transit_stations,-43.0
724,2020/06/29,workplaces,-31.0
725,2020/06/29,residential,7.0
726,2020/06/30,retail_and_recreation,-16.0
727,2020/06/30,grocery_and_pharmacy,-12.0
728,2020/06/30,parks,62.0
729,2020/06/30,transit_stations,-41.0
730,2020/06/30,workplaces,-30.0
731,2020/06/30,residential,7.0
732,2020/07/01,retail_and_recreation,-18.0
733,2020/07/01,grocery_and_pharmacy,-10.0
734,2020/07/01,parks,31.0
735,2020/07/01,transit_stations,-41.0
736,2020/07/01,workplaces,-29.0
737,2020/07/01,residential,7.0
738,2020/07/02,retail_and_recreation,-18.0
739,2020/07/02,grocery_and_pharmacy,-13.0
740,2020/07/02,parks,34.0
741,2020/07/02,transit_stations,-42.0
742,2020/07/02,workplaces,-30.0
743,2020/07/02,residential,7.0
744,2020/07/03,retail_and_recreation,-25.0
745,2020/07/03,grocery_and_pharmacy,-17.0
746,2020/07/03,parks,4.0
747,2020/07/03,transit_stations,-44.0
748,2020/07/03,workplaces,-32.0
749,2020/07/03,residential,9.0
750,2020/07/04,retail_and_recreation,-23.0
751,2020/07/04,grocery_and_pharmacy,-18.0
752,2020/07/04,parks,65.0
753,2020/07/04,transit_stations,-27.0
754,2020/07/04,workplaces,-15.0
755,2020/07/04,residential,-1.0
756,2020/07/05,retail_and_recreation,-28.0
757,2020/07/05,grocery_and_pharmacy,-24.0
758,2020/07/05,parks,41.0
759,2020/07/05,transit_stations,-29.0
760,2020/07/05,workplaces,5.0
761,2020/07/05,residential,-4.0
762,2020/07/06,retail_and_recreation,-21.0
763,2020/07/06,grocery_and_pharmacy,-16.0
764,2020/07/06,parks,42.0
765,2020/07/06,transit_stations,-42.0
766,2020/07/06,workplaces,-32.0
767,2020/07/06,residential,6.0
768,2020/07/07,retail_and_recreation,-15.0
769,2020/07/07,grocery_and_pharmacy,-11.0
770,2020/07/07,parks,66.0
771,2020/07/07,transit_stations,-39.0
772,2020/07/07,workplaces,-30.0
773,2020/07/07,residential,6.0
774,2020/07/08,retail_and_recreation,-17.0
775,2020/07/08,grocery_and_pharmacy,-13.0
776,2020/07/08,parks,58.0
777,2020/07/08,transit_stations,-40.0
778,2020/07/08,workplaces,-29.0
779,2020/07/08,residential,6.0
780,2020/07/09,retail_and_recreation,-18.0
781,2020/07/09,grocery_and_pharmacy,-14.0
782,2020/07/09,parks,49.0
783,2020/07/09,transit_stations,-41.0
784,2020/07/09,workplaces,-29.0
785,2020/07/09,residential,6.0
786,2020/07/10,retail_and_recreation,-20.0
787,2020/07/10,grocery_and_pharmacy,-15.0
788,2020/07/10,parks,46.0
789,2020/07/10,transit_stations,-40.0
790,2020/07/10,workplaces,-31.0
791,2020/07/10,residential,5.0
792,2020/07/11,retail_and_recreation,-25.0
793,2020/07/11,grocery_and_pharmacy,-20.0
794,2020/07/11,parks,34.0
795,2020/07/11,transit_stations,-31.0
796,2020/07/11,workplaces,-15.0
797,2020/07/11,residential,1.0
798,2020/07/12,retail_and_recreation,-26.0
799,2020/07/12,grocery_and_pharmacy,-24.0
800,2020/07/12,parks,43.0
801,2020/07/12,transit_stations,-27.0
802,2020/07/12,workplaces,9.0
803,2020/07/12,residential,-4.0
804,2020/07/13,retail_and_recreation,-19.0
805,2020/07/13,grocery_and_pharmacy,-15.0
806,2020/07/13,parks,43.0
807,2020/07/13,transit_stations,-41.0
808,2020/07/13,workplaces,-31.0
809,2020/07/13,residential,5.0
810,2020/07/14,retail_and_recreation,-15.0
811,2020/07/14,grocery_and_pharmacy,-12.0
812,2020/07/14,parks,64.0
813,2020/07/14,transit_stations,-39.0
814,2020/07/14,workplaces,-30.0
815,2020/07/14,residential,6.0
816,2020/07/15,retail_and_recreation,-17.0
817,2020/07/15,grocery_and_pharmacy,-13.0
818,2020/07/15,parks,36.0
819,2020/07/15,transit_stations,-41.0
820,2020/07/15,workplaces,-28.0
821,2020/07/15,residential,6.0
822,2020/07/16,retail_and_recreation,-15.0
823,2020/07/16,grocery_and_pharmacy,-14.0
824,2020/07/16,parks,51.0
825,2020/07/16,transit_stations,-40.0
826,2020/07/16,workplaces,-29.0
827,2020/07/16,residential,5.0
828,2020/07/17,retail_and_recreation,-19.0
829,2020/07/17,grocery_and_pharmacy,-15.0
830,2020/07/17,parks,44.0
831,2020/07/17,transit_stations,-40.0
832,2020/07/17,workplaces,-30.0
833,2020/07/17,residential,5.0
834,2020/07/18,retail_and_recreation,-23.0
835,2020/07/18,grocery_and_pharmacy,-21.0
836,2020/07/18,parks,69.0
837,2020/07/18,transit_stations,-26.0
838,2020/07/18,workplaces,-13.0
839,2020/07/18,residential,-2.0
840,2020/07/19,retail_and_recreation,-26.0
841,2020/07/19,grocery_and_pharmacy,-24.0
842,2020/07/19,parks,44.0
843,2020/07/19,transit_stations,-27.0
844,2020/07/19,workplaces,10.0
845,2020/07/19,residential,-5.0
846,2020/07/20,retail_and_recreation,-19.0
847,2020/07/20,grocery_and_pharmacy,-16.0
848,2020/07/20,parks,51.0
849,2020/07/20,transit_stations,-41.0
850,2020/07/20,workplaces,-31.0
851,2020/07/20,residential,4.0
852,2020/07/21,retail_and_recreation,-16.0
853,2020/07/21,grocery_and_pharmacy,-14.0
854,2020/07/21,parks,70.0
855,2020/07/21,transit_stations,-40.0
856,2020/07/21,workplaces,-30.0
857,2020/07/21,residential,5.0
858,2020/07/22,retail_and_recreation,-19.0
859,2020/07/22,grocery_and_pharmacy,-15.0
860,2020/07/22,parks,43.0
861,2020/07/22,transit_stations,-41.0
862,2020/07/22,workplaces,-28.0
863,2020/07/22,residential,5.0
864,2020/07/23,retail_and_recreation,-17.0
865,2020/07/23,grocery_and_pharmacy,-14.0
866,2020/07/23,parks,48.0
867,2020/07/23,transit_stations,-41.0
868,2020/07/23,workplaces,-29.0
869,2020/07/23,residential,5.0
870,2020/07/24,retail_and_recreation,-24.0
871,2020/07/24,grocery_and_pharmacy,-18.0
872,2020/07/24,parks,9.0
873,2020/07/24,transit_stations,-43.0
874,2020/07/24,workplaces,-31.0
875,2020/07/24,residential,7.0
876,2020/07/25,retail_and_recreation,-23.0
877,2020/07/25,grocery_and_pharmacy,-21.0
878,2020/07/25,parks,70.0
879,2020/07/25,transit_stations,-26.0
880,2020/07/25,workplaces,-13.0
881,2020/07/25,residential,-2.0
882,2020/07/26,retail_and_recreation,-25.0
883,2020/07/26,grocery_and_pharmacy,-23.0
884,2020/07/26,parks,39.0
885,2020/07/26,transit_stations,-27.0
886,2020/07/26,workplaces,11.0
887,2020/07/26,residential,-5.0
888,2020/07/27,retail_and_recreation,-18.0
889,2020/07/27,grocery_and_pharmacy,-15.0
890,2020/07/27,parks,52.0
891,2020/07/27,transit_stations,-41.0
892,2020/07/27,workplaces,-32.0
893,2020/07/27,residential,4.0
894,2020/07/28,retail_and_recreation,-16.0
895,2020/07/28,grocery_and_pharmacy,-14.0
896,2020/07/28,parks,64.0
897,2020/07/28,transit_stations,-41.0
898,2020/07/28,workplaces,-30.0
899,2020/07/28,residential,5.0
900,2020/07/29,retail_and_recreation,-17.0
901,2020/07/29,grocery_and_pharmacy,-13.0
902,2020/07/29,parks,53.0
903,2020/07/29,transit_stations,-41.0
904,2020/07/29,workplaces,-30.0
905,2020/07/29,residential,5.0
906,2020/07/30,retail_and_recreation,-17.0
907,2020/07/30,grocery_and_pharmacy,-16.0
908,2020/07/30,parks,39.0
909,2020/07/30,transit_stations,-42.0
910,2020/07/30,workplaces,-31.0
911,2020/07/30,residential,5.0
912,2020/07/31,retail_and_recreation,-20.0
913,2020/07/31,grocery_and_pharmacy,-17.0
914,2020/07/31,parks,40.0
915,2020/07/31,transit_stations,-41.0
916,2020/07/31,workplaces,-32.0
917,2020/07/31,residential,4.0
918,2020/08/01,retail_and_recreation,-28.0
919,2020/08/01,grocery_and_pharmacy,-24.0
920,2020/08/01,parks,39.0
921,2020/08/01,transit_stations,-30.0
922,2020/08/01,workplaces,-19.0
923,2020/08/01,residential,-2.0
924,2020/08/02,retail_and_recreation,-29.0
925,2020/08/02,grocery_and_pharmacy,-22.0
926,2020/08/02,parks,2.0
927,2020/08/02,transit_stations,-35.0
928,2020/08/02,workplaces,5.0
929,2020/08/02,residential,-2.0
930,2020/08/03,retail_and_recreation,-25.0
931,2020/08/03,grocery_and_pharmacy,-21.0
932,2020/08/03,parks,-14.0
933,2020/08/03,transit_stations,-48.0
934,2020/08/03,workplaces,-40.0
935,2020/08/03,residential,7.0
936,2020/08/04,retail_and_recreation,-13.0
937,2020/08/04,grocery_and_pharmacy,-11.0
938,2020/08/04,parks,59.0
939,2020/08/04,transit_stations,-42.0
940,2020/08/04,workplaces,-38.0
941,2020/08/04,residential,6.0
942,2020/08/05,retail_and_recreation,-16.0
943,2020/08/05,grocery_and_pharmacy,-16.0
944,2020/08/05,parks,67.0
945,2020/08/05,transit_stations,-43.0
946,2020/08/05,workplaces,-38.0
947,2020/08/05,residential,5.0
948,2020/08/06,retail_and_recreation,-17.0
949,2020/08/06,grocery_and_pharmacy,-18.0
950,2020/08/06,parks,56.0
951,2020/08/06,transit_stations,-44.0
952,2020/08/06,workplaces,-39.0
953,2020/08/06,residential,4.0
954,2020/08/07,retail_and_recreation,-23.0
955,2020/08/07,grocery_and_pharmacy,-20.0
956,2020/08/07,parks,46.0
957,2020/08/07,transit_stations,-45.0
958,2020/08/07,workplaces,-42.0
959,2020/08/07,residential,5.0
960,2020/08/08,retail_and_recreation,-33.0
961,2020/08/08,grocery_and_pharmacy,-31.0
962,2020/08/08,parks,44.0
963,2020/08/08,transit_stations,-33.0
964,2020/08/08,workplaces,-25.0
965,2020/08/08,residential,-3.0
966,2020/08/09,retail_and_recreation,-36.0
967,2020/08/09,grocery_and_pharmacy,-33.0
968,2020/08/09,parks,19.0
969,2020/08/09,transit_stations,-34.0
970,2020/08/09,workplaces,1.0
971,2020/08/09,residential,-5.0
972,2020/08/10,retail_and_recreation,-26.0
973,2020/08/10,grocery_and_pharmacy,-21.0
974,2020/08/10,parks,65.0
975,2020/08/10,transit_stations,-49.0
976,2020/08/10,workplaces,-59.0
977,2020/08/10,residential,7.0
978,2020/08/11,retail_and_recreation,-25.0
979,2020/08/11,grocery_and_pharmacy,-20.0
980,2020/08/11,parks,93.0
981,2020/08/11,transit_stations,-50.0
982,2020/08/11,workplaces,-59.0
983,2020/08/11,residential,8.0
984,2020/08/12,retail_and_recreation,-28.0
985,2020/08/12,grocery_and_pharmacy,-21.0
986,2020/08/12,parks,66.0
987,2020/08/12,transit_stations,-51.0
988,2020/08/12,workplaces,-59.0
989,2020/08/12,residential,9.0
990,2020/08/13,retail_and_recreation,-27.0
991,2020/08/13,grocery_and_pharmacy,-19.0
992,2020/08/13,parks,51.0
993,2020/08/13,transit_stations,-51.0
994,2020/08/13,workplaces,-60.0
995,2020/08/13,residential,9.0
996,2020/08/14,retail_and_recreation,-31.0
997,2020/08/14,grocery_and_pharmacy,-10.0
998,2020/08/14,parks,50.0
999,2020/08/14,transit_stations,-51.0
1000,2020/08/14,workplaces,-63.0
1001,2020/08/14,residential,10.0
1002,2020/08/15,retail_and_recreation,-59.0
1003,2020/08/15,grocery_and_pharmacy,-66.0
1004,2020/08/15,parks,62.0
1005,2020/08/15,transit_stations,-44.0
1006,2020/08/15,workplaces,-52.0
1007,2020/08/15,residential,-3.0
1008,2020/08/16,retail_and_recreation,-43.0
1009,2020/08/16,grocery_and_pharmacy,-36.0
1010,2020/08/16,parks,4.0
1011,2020/08/16,transit_stations,-38.0
1012,2020/08/16,workplaces,-6.0
1013,2020/08/16,residential,-4.0
1014,2020/08/17,retail_and_recreation,-30.0
1015,2020/08/17,grocery_and_pharmacy,-19.0
1016,2020/08/17,parks,47.0
1017,2020/08/17,transit_stations,-51.0
1018,2020/08/17,workplaces,-63.0
1019,2020/08/17,residential,9.0
1020,2020/08/18,retail_and_recreation,-28.0
1021,2020/08/18,grocery_and_pharmacy,-21.0
1022,2020/08/18,parks,90.0
1023,2020/08/18,transit_stations,-50.0
1024,2020/08/18,workplaces,-59.0
1025,2020/08/18,residential,10.0
1026,2020/08/19,retail_and_recreation,-31.0
1027,2020/08/19,grocery_and_pharmacy,-23.0
1028,2020/08/19,parks,83.0
1029,2020/08/19,transit_stations,-51.0
1030,2020/08/19,workplaces,-59.0
1031,2020/08/19,residential,9.0
1032,2020/08/20,retail_and_recreation,-31.0
1033,2020/08/20,grocery_and_pharmacy,-24.0
1034,2020/08/20,parks,70.0
1035,2020/08/20,transit_stations,-51.0
1036,2020/08/20,workplaces,-59.0
1037,2020/08/20,residential,8.0
1038,2020/08/21,retail_and_recreation,-35.0
1039,2020/08/21,grocery_and_pharmacy,-26.0
1040,2020/08/21,parks,56.0
1041,2020/08/21,transit_stations,-52.0
1042,2020/08/21,workplaces,-59.0
1043,2020/08/21,residential,9.0
1044,2020/08/22,retail_and_recreation,-40.0
1045,2020/08/22,grocery_and_pharmacy,-36.0
1046,2020/08/22,parks,45.0
1047,2020/08/22,transit_stations,-38.0
1048,2020/08/22,workplaces,-32.0
1049,2020/08/22,residential,-2.0
1050,2020/08/23,retail_and_recreation,-37.0
1051,2020/08/23,grocery_and_pharmacy,-29.0
1052,2020/08/23,parks,-1.0
1053,2020/08/23,transit_stations,-37.0
1054,2020/08/23,workplaces,4.0
1055,2020/08/23,residential,-2.0
1056,2020/08/24,retail_and_recreation,-25.0
1057,2020/08/24,grocery_and_pharmacy,-17.0
1058,2020/08/24,parks,45.0
1059,2020/08/24,transit_stations,-49.0
1060,2020/08/24,workplaces,-47.0
1061,2020/08/24,residential,7.0
1062,2020/08/25,retail_and_recreation,-22.0
1063,2020/08/25,grocery_and_pharmacy,-16.0
1064,2020/08/25,parks,81.0
1065,2020/08/25,transit_stations,-47.0
1066,2020/08/25,workplaces,-45.0
1067,2020/08/25,residential,7.0
1068,2020/08/26,retail_and_recreation,-23.0
1069,2020/08/26,grocery_and_pharmacy,-18.0
1070,2020/08/26,parks,64.0
1071,2020/08/26,transit_stations,-47.0
1072,2020/08/26,workplaces,-43.0
1073,2020/08/26,residential,7.0
1074,2020/08/27,retail_and_recreation,-22.0
1075,2020/08/27,grocery_and_pharmacy,-19.0
1076,2020/08/27,parks,58.0
1077,2020/08/27,transit_stations,-46.0
1078,2020/08/27,workplaces,-43.0
1079,2020/08/27,residential,6.0
1080,2020/08/28,retail_and_recreation,-29.0
1081,2020/08/28,grocery_and_pharmacy,-20.0
1082,2020/08/28,parks,0.0
1083,2020/08/28,transit_stations,-49.0
1084,2020/08/28,workplaces,-44.0
1085,2020/08/28,residential,9.0
1086,2020/08/29,retail_and_recreation,-32.0
1087,2020/08/29,grocery_and_pharmacy,-25.0
1088,2020/08/29,parks,-25.0
1089,2020/08/29,transit_stations,-41.0
1090,2020/08/29,workplaces,-29.0
1091,2020/08/29,residential,3.0
1092,2020/08/30,retail_and_recreation,-27.0
1093,2020/08/30,grocery_and_pharmacy,-20.0
1094,2020/08/30,parks,-3.0
1095,2020/08/30,transit_stations,-33.0
1096,2020/08/30,workplaces,-2.0
1097,2020/08/30,residential,1.0
1098,2020/08/31,retail_and_recreation,-17.0
1099,2020/08/31,grocery_and_pharmacy,-12.0
1100,2020/08/31,parks,34.0
1101,2020/08/31,transit_stations,-42.0
1102,2020/08/31,workplaces,-37.0
1103,2020/08/31,residential,6.0
1104,2020/09/01,retail_and_recreation,-12.0
1105,2020/09/01,grocery_and_pharmacy,-9.0
1106,2020/09/01,parks,81.0
1107,2020/09/01,transit_stations,-37.0
1108,2020/09/01,workplaces,-34.0
1109,2020/09/01,residential,5.0
1110,2020/09/02,retail_and_recreation,-16.0
1111,2020/09/02,grocery_and_pharmacy,-10.0
1112,2020/09/02,parks,42.0
1113,2020/09/02,transit_stations,-40.0
1114,2020/09/02,workplaces,-33.0
1115,2020/09/02,residential,6.0
1116,2020/09/03,retail_and_recreation,-14.0
1117,2020/09/03,grocery_and_pharmacy,-11.0
1118,2020/09/03,parks,59.0
1119,2020/09/03,transit_stations,-37.0
1120,2020/09/03,workplaces,-33.0
1121,2020/09/03,residential,5.0
1122,2020/09/04,retail_and_recreation,-17.0
1123,2020/09/04,grocery_and_pharmacy,-14.0
1124,2020/09/04,parks,59.0
1125,2020/09/04,transit_stations,-37.0
1126,2020/09/04,workplaces,-33.0
1127,2020/09/04,residential,5.0
1128,2020/09/05,retail_and_recreation,-19.0
1129,2020/09/05,grocery_and_pharmacy,-18.0
1130,2020/09/05,parks,77.0
1131,2020/09/05,transit_stations,-23.0
1132,2020/09/05,workplaces,-24.0
1133,2020/09/05,residential,-2.0
1134,2020/09/06,retail_and_recreation,-20.0
1135,2020/09/06,grocery_and_pharmacy,-18.0
1136,2020/09/06,parks,47.0
1137,2020/09/06,transit_stations,-23.0
1138,2020/09/06,workplaces,-4.0
1139,2020/09/06,residential,-3.0
1140,2020/09/07,retail_and_recreation,-16.0
1141,2020/09/07,grocery_and_pharmacy,-10.0
1142,2020/09/07,parks,20.0
1143,2020/09/07,transit_stations,-39.0
1144,2020/09/07,workplaces,-34.0
1145,2020/09/07,residential,6.0
1146,2020/09/08,retail_and_recreation,-10.0
1147,2020/09/08,grocery_and_pharmacy,-8.0
1148,2020/09/08,parks,81.0
1149,2020/09/08,transit_stations,-33.0
1150,2020/09/08,workplaces,-32.0
1151,2020/09/08,residential,5.0
1152,2020/09/09,retail_and_recreation,-12.0
1153,2020/09/09,grocery_and_pharmacy,-10.0
1154,2020/09/09,parks,68.0
1155,2020/09/09,transit_stations,-33.0
1156,2020/09/09,workplaces,-31.0
1157,2020/09/09,residential,4.0
1158,2020/09/10,retail_and_recreation,-11.0
1159,2020/09/10,grocery_and_pharmacy,-9.0
1160,2020/09/10,parks,60.0
1161,2020/09/10,transit_stations,-31.0
1162,2020/09/10,workplaces,-32.0
1163,2020/09/10,residential,4.0
1164,2020/09/11,retail_and_recreation,-12.0
1165,2020/09/11,grocery_and_pharmacy,-9.0
1166,2020/09/11,parks,58.0
1167,2020/09/11,transit_stations,-31.0
1168,2020/09/11,workplaces,-32.0
1169,2020/09/11,residential,3.0
1170,2020/09/12,retail_and_recreation,-14.0
1171,2020/09/12,grocery_and_pharmacy,-13.0
1172,2020/09/12,parks,81.0
1173,2020/09/12,transit_stations,-17.0
1174,2020/09/12,workplaces,-22.0
1175,2020/09/12,residential,-3.0
1176,2020/09/13,retail_and_recreation,-17.0
1177,2020/09/13,grocery_and_pharmacy,-14.0
1178,2020/09/13,parks,52.0
1179,2020/09/13,transit_stations,-18.0
1180,2020/09/13,workplaces,-4.0
1181,2020/09/13,residential,-4.0
1182,2020/09/14,retail_and_recreation,-10.0
1183,2020/09/14,grocery_and_pharmacy,-6.0
1184,2020/09/14,parks,56.0
1185,2020/09/14,transit_stations,-28.0
1186,2020/09/14,workplaces,-30.0
1187,2020/09/14,residential,3.0
1188,2020/09/15,retail_and_recreation,-9.0
1189,2020/09/15,grocery_and_pharmacy,-5.0
1190,2020/09/15,parks,80.0
1191,2020/09/15,transit_stations,-25.0
1192,2020/09/15,workplaces,-28.0
1193,2020/09/15,residential,3.0
1194,2020/09/16,retail_and_recreation,-11.0
1195,2020/09/16,grocery_and_pharmacy,-6.0
1196,2020/09/16,parks,61.0
1197,2020/09/16,transit_stations,-25.0
1198,2020/09/16,workplaces,-28.0
1199,2020/09/16,residential,3.0
1200,2020/09/17,retail_and_recreation,-11.0
1201,2020/09/17,grocery_and_pharmacy,-9.0
1202,2020/09/17,parks,57.0
1203,2020/09/17,transit_stations,-25.0
1204,2020/09/17,workplaces,-29.0
1205,2020/09/17,residential,3.0
1206,2020/09/18,retail_and_recreation,-13.0
1207,2020/09/18,grocery_and_pharmacy,-10.0
1208,2020/09/18,parks,58.0
1209,2020/09/18,transit_stations,-24.0
1210,2020/09/18,workplaces,-29.0
1211,2020/09/18,residential,3.0
1212,2020/09/19,retail_and_recreation,-15.0
1213,2020/09/19,grocery_and_pharmacy,-13.0
1214,2020/09/19,parks,64.0
1215,2020/09/19,transit_stations,-15.0
1216,2020/09/19,workplaces,-20.0
1217,2020/09/19,residential,-1.0
1218,2020/09/20,retail_and_recreation,-14.0
1219,2020/09/20,grocery_and_pharmacy,-13.0
1220,2020/09/20,parks,45.0
1221,2020/09/20,transit_stations,-16.0
1222,2020/09/20,workplaces,-2.0
1223,2020/09/20,residential,-3.0
1224,2020/09/21,retail_and_recreation,-14.0
1225,2020/09/21,grocery_and_pharmacy,-9.0
1226,2020/09/21,parks,30.0
1227,2020/09/21,transit_stations,-28.0
1228,2020/09/21,workplaces,-30.0
1229,2020/09/21,residential,4.0
1230,2020/09/22,retail_and_recreation,-17.0
1231,2020/09/22,grocery_and_pharmacy,-10.0
1232,2020/09/22,parks,10.0
1233,2020/09/22,transit_stations,-28.0
1234,2020/09/22,workplaces,-29.0
1235,2020/09/22,residential,6.0
1236,2020/09/23,retail_and_recreation,-13.0
1237,2020/09/23,grocery_and_pharmacy,-3.0
1238,2020/09/23,parks,38.0
1239,2020/09/23,transit_stations,-23.0
1240,2020/09/23,workplaces,-26.0
1241,2020/09/23,residential,5.0
1242,2020/09/24,retail_and_recreation,-17.0
1243,2020/09/24,grocery_and_pharmacy,-9.0
1244,2020/09/24,parks,0.0
1245,2020/09/24,transit_stations,-26.0
1246,2020/09/24,workplaces,-27.0
1247,2020/09/24,residential,6.0
1248,2020/09/25,retail_and_recreation,-19.0
1249,2020/09/25,grocery_and_pharmacy,-9.0
1250,2020/09/25,parks,-11.0
1251,2020/09/25,transit_stations,-28.0
1252,2020/09/25,workplaces,-28.0
1253,2020/09/25,residential,6.0
1254,2020/09/26,retail_and_recreation,-14.0
1255,2020/09/26,grocery_and_pharmacy,-8.0
1256,2020/09/26,parks,37.0
1257,2020/09/26,transit_stations,-15.0
1258,2020/09/26,workplaces,-18.0
1259,2020/09/26,residential,1.0
1260,2020/09/27,retail_and_recreation,-17.0
1261,2020/09/27,grocery_and_pharmacy,-13.0
1262,2020/09/27,parks,21.0
1263,2020/09/27,transit_stations,-18.0
1264,2020/09/27,workplaces,-5.0
1265,2020/09/27,residential,1.0
1266,2020/09/28,retail_and_recreation,-15.0
1267,2020/09/28,grocery_and_pharmacy,-6.0
1268,2020/09/28,parks,30.0
1269,2020/09/28,transit_stations,-27.0
1270,2020/09/28,workplaces,-25.0
1271,2020/09/28,residential,5.0
1272,2020/09/29,retail_and_recreation,-12.0
1273,2020/09/29,grocery_and_pharmacy,-3.0
1274,2020/09/29,parks,48.0
1275,2020/09/29,transit_stations,-23.0
1276,2020/09/29,workplaces,-24.0
1277,2020/09/29,residential,5.0
1278,2020/09/30,retail_and_recreation,-12.0
1279,2020/09/30,grocery_and_pharmacy,-3.0
1280,2020/09/30,parks,41.0
1281,2020/09/30,transit_stations,-21.0
1282,2020/09/30,workplaces,-24.0
1283,2020/09/30,residential,4.0
1284,2020/10/01,retail_and_recreation,-13.0
1285,2020/10/01,grocery_and_pharmacy,0.0
1286,2020/10/01,parks,17.0
1287,2020/10/01,transit_stations,-23.0
1288,2020/10/01,workplaces,-22.0
1289,2020/10/01,residential,4.0
1290,2020/10/02,retail_and_recreation,-23.0
1291,2020/10/02,grocery_and_pharmacy,-12.0
1292,2020/10/02,parks,-34.0
1293,2020/10/02,transit_stations,-29.0
1294,2020/10/02,workplaces,-25.0
1295,2020/10/02,residential,7.0
1296,2020/10/03,retail_and_recreation,-15.0
1297,2020/10/03,grocery_and_pharmacy,-6.0
1298,2020/10/03,parks,16.0
1299,2020/10/03,transit_stations,-15.0
1300,2020/10/03,workplaces,-18.0
1301,2020/10/03,residential,3.0
1302,2020/10/04,retail_and_recreation,-20.0
1303,2020/10/04,grocery_and_pharmacy,-14.0
1304,2020/10/04,parks,-9.0
1305,2020/10/04,transit_stations,-23.0
1306,2020/10/04,workplaces,-8.0
1307,2020/10/04,residential,3.0
1308,2020/10/05,retail_and_recreation,-16.0
1309,2020/10/05,grocery_and_pharmacy,-5.0
1310,2020/10/05,parks,10.0
1311,2020/10/05,transit_stations,-23.0
1312,2020/10/05,workplaces,-24.0
1313,2020/10/05,residential,5.0
1314,2020/10/06,retail_and_recreation,-13.0
1315,2020/10/06,grocery_and_pharmacy,-3.0
1316,2020/10/06,parks,27.0
1317,2020/10/06,transit_stations,-21.0
1318,2020/10/06,workplaces,-23.0
1319,2020/10/06,residential,5.0
1320,2020/10/07,retail_and_recreation,-13.0
1321,2020/10/07,grocery_and_pharmacy,-3.0
1322,2020/10/07,parks,37.0
1323,2020/10/07,transit_stations,-21.0
1324,2020/10/07,workplaces,-21.0
1325,2020/10/07,residential,4.0
1326,2020/10/08,retail_and_recreation,-13.0
1327,2020/10/08,grocery_and_pharmacy,-4.0
1328,2020/10/08,parks,32.0
1329,2020/10/08,transit_stations,-22.0
1330,2020/10/08,workplaces,-21.0
1331,2020/10/08,residential,4.0
1332,2020/10/09,retail_and_recreation,-14.0
1333,2020/10/09,grocery_and_pharmacy,-4.0
1334,2020/10/09,parks,23.0
1335,2020/10/09,transit_stations,-22.0
1336,2020/10/09,workplaces,-22.0
1337,2020/10/09,residential,5.0
1338,2020/10/10,retail_and_recreation,-15.0
1339,2020/10/10,grocery_and_pharmacy,-9.0
1340,2020/10/10,parks,47.0
1341,2020/10/10,transit_stations,-12.0
1342,2020/10/10,workplaces,-14.0
1343,2020/10/10,residential,1.0
1344,2020/10/11,retail_and_recreation,-23.0
1345,2020/10/11,grocery_and_pharmacy,-13.0
1346,2020/10/11,parks,-22.0
1347,2020/10/11,transit_stations,-30.0
1348,2020/10/11,workplaces,-8.0
1349,2020/10/11,residential,4.0
1350,2020/10/12,retail_and_recreation,-17.0
1351,2020/10/12,grocery_and_pharmacy,-7.0
1352,2020/10/12,parks,24.0
1353,2020/10/12,transit_stations,-25.0
1354,2020/10/12,workplaces,-22.0
1355,2020/10/12,residential,5.0
1356,2020/10/13,retail_and_recreation,-14.0
1357,2020/10/13,grocery_and_pharmacy,-4.0
1358,2020/10/13,parks,39.0
1359,2020/10/13,transit_stations,-23.0
1360,2020/10/13,workplaces,-21.0
1361,2020/10/13,residential,6.0
1362,2020/10/14,retail_and_recreation,-17.0
1363,2020/10/14,grocery_and_pharmacy,-4.0
1364,2020/10/14,parks,13.0
1365,2020/10/14,transit_stations,-25.0
1366,2020/10/14,workplaces,-20.0
1367,2020/10/14,residential,6.0
1368,2020/10/15,retail_and_recreation,-24.0
1369,2020/10/15,grocery_and_pharmacy,-11.0
1370,2020/10/15,parks,-34.0
1371,2020/10/15,transit_stations,-31.0
1372,2020/10/15,workplaces,-22.0
1373,2020/10/15,residential,9.0
1374,2020/10/16,retail_and_recreation,-17.0
1375,2020/10/16,grocery_and_pharmacy,-1.0
1376,2020/10/16,parks,5.0
1377,2020/10/16,transit_stations,-26.0
1378,2020/10/16,workplaces,-22.0
1379,2020/10/16,residential,7.0
1380,2020/10/17,retail_and_recreation,-19.0
1381,2020/10/17,grocery_and_pharmacy,-8.0
1382,2020/10/17,parks,33.0
1383,2020/10/17,transit_stations,-18.0
1384,2020/10/17,workplaces,-15.0
1385,2020/10/17,residential,4.0
1386,2020/10/18,retail_and_recreation,-23.0
1387,2020/10/18,grocery_and_pharmacy,-14.0
1388,2020/10/18,parks,15.0
1389,2020/10/18,transit_stations,-26.0
1390,2020/10/18,workplaces,-10.0
1391,2020/10/18,residential,4.0
1392,2020/10/19,retail_and_recreation,-21.0
1393,2020/10/19,grocery_and_pharmacy,-8.0
1394,2020/10/19,parks,6.0
1395,2020/10/19,transit_stations,-31.0
1396,2020/10/19,workplaces,-23.0
1397,2020/10/19,residential,8.0
1398,2020/10/20,retail_and_recreation,-19.0
1399,2020/10/20,grocery_and_pharmacy,-5.0
1400,2020/10/20,parks,14.0
1401,2020/10/20,transit_stations,-30.0
1402,2020/10/20,workplaces,-22.0
1403,2020/10/20,residential,8.0
1404,2020/10/21,retail_and_recreation,-21.0
1405,2020/10/21,grocery_and_pharmacy,-4.0
1406,2020/10/21,parks,6.0
1407,2020/10/21,transit_stations,-31.0
1408,2020/10/21,workplaces,-21.0
1409,2020/10/21,residential,8.0
1410,2020/10/22,retail_and_recreation,-22.0
1411,2020/10/22,grocery_and_pharmacy,-4.0
1412,2020/10/22,parks,-11.0
1413,2020/10/22,transit_stations,-33.0
1414,2020/10/22,workplaces,-23.0
1415,2020/10/22,residential,10.0
1416,2020/10/23,retail_and_recreation,-28.0
1417,2020/10/23,grocery_and_pharmacy,-8.0
1418,2020/10/23,parks,-39.0
1419,2020/10/23,transit_stations,-42.0
1420,2020/10/23,workplaces,-25.0
1421,2020/10/23,residential,12.0
1422,2020/10/24,retail_and_recreation,-31.0
1423,2020/10/24,grocery_and_pharmacy,-10.0
1424,2020/10/24,parks,-2.0
1425,2020/10/24,transit_stations,-32.0
1426,2020/10/24,workplaces,-18.0
1427,2020/10/24,residential,8.0
1428,2020/10/25,retail_and_recreation,-38.0
1429,2020/10/25,grocery_and_pharmacy,-25.0
1430,2020/10/25,parks,4.0
1431,2020/10/25,transit_stations,-36.0
1432,2020/10/25,workplaces,-14.0
1433,2020/10/25,residential,7.0
1434,2020/10/26,retail_and_recreation,-36.0
1435,2020/10/26,grocery_and_pharmacy,-20.0
1436,2020/10/26,parks,-48.0
1437,2020/10/26,transit_stations,-48.0
1438,2020/10/26,workplaces,-30.0
1439,2020/10/26,residential,13.0
1440,2020/10/27,retail_and_recreation,-24.0
1441,2020/10/27,grocery_and_pharmacy,-2.0
1442,2020/10/27,parks,12.0
1443,2020/10/27,transit_stations,-40.0
1444,2020/10/27,workplaces,-29.0
1445,2020/10/27,residential,12.0
1446,2020/10/28,retail_and_recreation,-26.0
1447,2020/10/28,grocery_and_pharmacy,-4.0
1448,2020/10/28,parks,16.0
1449,2020/10/28,transit_stations,-40.0
1450,2020/10/28,workplaces,-28.0
1451,2020/10/28,residential,12.0
1452,2020/10/29,retail_and_recreation,-27.0
1453,2020/10/29,grocery_and_pharmacy,-6.0
1454,2020/10/29,parks,3.0
1455,2020/10/29,transit_stations,-42.0
1456,2020/10/29,workplaces,-29.0
1457,2020/10/29,residential,12.0
1458,2020/10/30,retail_and_recreation,-29.0
1459,2020/10/30,grocery_and_pharmacy,-3.0
1460,2020/10/30,parks,5.0
1461,2020/10/30,transit_stations,-41.0
1462,2020/10/30,workplaces,-30.0
1463,2020/10/30,residential,13.0
1464,2020/10/31,retail_and_recreation,-36.0
1465,2020/10/31,grocery_and_pharmacy,-10.0
1466,2020/10/31,parks,17.0
1467,2020/10/31,transit_stations,-35.0
1468,2020/10/31,workplaces,-25.0
1469,2020/10/31,residential,9.0
1470,2020/11/01,retail_and_recreation,-45.0
1471,2020/11/01,grocery_and_pharmacy,-26.0
1472,2020/11/01,parks,-4.0
1473,2020/11/01,transit_stations,-42.0
1474,2020/11/01,workplaces,-20.0
1475,2020/11/01,residential,8.0
1476,2020/11/02,retail_and_recreation,-27.0
1477,2020/11/02,grocery_and_pharmacy,-8.0
1478,2020/11/02,parks,-1.0
1479,2020/11/02,transit_stations,-45.0
1480,2020/11/02,workplaces,-32.0
1481,2020/11/02,residential,12.0
1482,2020/11/03,retail_and_recreation,-28.0
1483,2020/11/03,grocery_and_pharmacy,-7.0
1484,2020/11/03,parks,1.0
1485,2020/11/03,transit_stations,-44.0
1486,2020/11/03,workplaces,-31.0
1487,2020/11/03,residential,13.0
1488,2020/11/04,retail_and_recreation,-22.0
1489,2020/11/04,grocery_and_pharmacy,4.0
1490,2020/11/04,parks,-5.0
1491,2020/11/04,transit_stations,-43.0
1492,2020/11/04,workplaces,-29.0
1493,2020/11/04,residential,12.0
1494,2020/11/05,retail_and_recreation,-19.0
1495,2020/11/05,grocery_and_pharmacy,11.0
1496,2020/11/05,parks,5.0
1497,2020/11/05,transit_stations,-43.0
1498,2020/11/05,workplaces,-31.0
1499,2020/11/05,residential,12.0
1500,2020/11/06,retail_and_recreation,-64.0
1501,2020/11/06,grocery_and_pharmacy,-26.0
1502,2020/11/06,parks,-41.0
1503,2020/11/06,transit_stations,-61.0
1504,2020/11/06,workplaces,-38.0
1505,2020/11/06,residential,22.0
1506,2020/11/07,retail_and_recreation,-70.0
1507,2020/11/07,grocery_and_pharmacy,-32.0
1508,2020/11/07,parks,-42.0
1509,2020/11/07,transit_stations,-65.0
1510,2020/11/07,workplaces,-39.0
1511,2020/11/07,residential,21.0
1512,2020/11/08,retail_and_recreation,-79.0
1513,2020/11/08,grocery_and_pharmacy,-50.0
1514,2020/11/08,parks,-46.0
1515,2020/11/08,transit_stations,-70.0
1516,2020/11/08,workplaces,-41.0
1517,2020/11/08,residential,19.0
1518,2020/11/09,retail_and_recreation,-58.0
1519,2020/11/09,grocery_and_pharmacy,-24.0
1520,2020/11/09,parks,-24.0
1521,2020/11/09,transit_stations,-60.0
1522,2020/11/09,workplaces,-37.0
1523,2020/11/09,residential,19.0
1524,2020/11/10,retail_and_recreation,-55.0
1525,2020/11/10,grocery_and_pharmacy,-19.0
1526,2020/11/10,parks,-16.0
1527,2020/11/10,transit_stations,-58.0
1528,2020/11/10,workplaces,-38.0
1529,2020/11/10,residential,19.0
1530,2020/11/11,retail_and_recreation,-56.0
1531,2020/11/11,grocery_and_pharmacy,-18.0
1532,2020/11/11,parks,-31.0
1533,2020/11/11,transit_stations,-59.0
1534,2020/11/11,workplaces,-37.0
1535,2020/11/11,residential,20.0
1536,2020/11/12,retail_and_recreation,-55.0
1537,2020/11/12,grocery_and_pharmacy,-17.0
1538,2020/11/12,parks,-31.0
1539,2020/11/12,transit_stations,-58.0
1540,2020/11/12,workplaces,-37.0
1541,2020/11/12,residential,20.0
1542,2020/11/13,retail_and_recreation,-56.0
1543,2020/11/13,grocery_and_pharmacy,-15.0
1544,2020/11/13,parks,-35.0
1545,2020/11/13,transit_stations,-59.0
1546,2020/11/13,workplaces,-38.0
1547,2020/11/13,residential,21.0
1548,2020/11/14,retail_and_recreation,-63.0
1549,2020/11/14,grocery_and_pharmacy,-25.0
1550,2020/11/14,parks,-40.0
1551,2020/11/14,transit_stations,-62.0
1552,2020/11/14,workplaces,-37.0
1553,2020/11/14,residential,19.0
1554,2020/11/15,retail_and_recreation,-76.0
1555,2020/11/15,grocery_and_pharmacy,-46.0
1556,2020/11/15,parks,-50.0
1557,2020/11/15,transit_stations,-69.0
1558,2020/11/15,workplaces,-40.0
1559,2020/11/15,residential,18.0
1560,2020/11/16,retail_and_recreation,-54.0
1561,2020/11/16,grocery_and_pharmacy,-21.0
1562,2020/11/16,parks,-31.0
1563,2020/11/16,transit_stations,-59.0
1564,2020/11/16,workplaces,-37.0
1565,2020/11/16,residential,18.0
1566,2020/11/17,retail_and_recreation,-52.0
1567,2020/11/17,grocery_and_pharmacy,-17.0
1568,2020/11/17,parks,-10.0
1569,2020/11/17,transit_stations,-57.0
1570,2020/11/17,workplaces,-37.0
1571,2020/11/17,residential,19.0
1572,2020/11/18,retail_and_recreation,-53.0
1573,2020/11/18,grocery_and_pharmacy,-17.0
1574,2020/11/18,parks,-25.0
1575,2020/11/18,transit_stations,-58.0
1576,2020/11/18,workplaces,-36.0
1577,2020/11/18,residential,19.0
1578,2020/11/19,retail_and_recreation,-53.0
1579,2020/11/19,grocery_and_pharmacy,-17.0
1580,2020/11/19,parks,-28.0
1581,2020/11/19,transit_stations,-58.0
1582,2020/11/19,workplaces,-36.0
1583,2020/11/19,residential,19.0
1584,2020/11/20,retail_and_recreation,-53.0
1585,2020/11/20,grocery_and_pharmacy,-13.0
1586,2020/11/20,parks,-25.0
1587,2020/11/20,transit_stations,-57.0
1588,2020/11/20,workplaces,-36.0
1589,2020/11/20,residential,20.0
1590,2020/11/21,retail_and_recreation,-59.0
1591,2020/11/21,grocery_and_pharmacy,-21.0
1592,2020/11/21,parks,-27.0
1593,2020/11/21,transit_stations,-59.0
1594,2020/11/21,workplaces,-35.0
1595,2020/11/21,residential,18.0
1596,2020/11/22,retail_and_recreation,-71.0
1597,2020/11/22,grocery_and_pharmacy,-41.0
1598,2020/11/22,parks,-39.0
1599,2020/11/22,transit_stations,-66.0
1600,2020/11/22,workplaces,-36.0
1601,2020/11/22,residential,17.0
1602,2020/11/23,retail_and_recreation,-50.0
1603,2020/11/23,grocery_and_pharmacy,-20.0
1604,2020/11/23,parks,-24.0
1605,2020/11/23,transit_stations,-58.0
1606,2020/11/23,workplaces,-35.0
1607,2020/11/23,residential,17.0
1608,2020/11/24,retail_and_recreation,-49.0
1609,2020/11/24,grocery_and_pharmacy,-16.0
1610,2020/11/24,parks,-12.0
1611,2020/11/24,transit_stations,-56.0
1612,2020/11/24,workplaces,-35.0
1613,2020/11/24,residential,18.0
1614,2020/11/25,retail_and_recreation,-50.0
1615,2020/11/25,grocery_and_pharmacy,-14.0
1616,2020/11/25,parks,-21.0
1617,2020/11/25,transit_stations,-56.0
1618,2020/11/25,workplaces,-34.0
1619,2020/11/25,residential,18.0
1620,2020/11/26,retail_and_recreation,-50.0
1621,2020/11/26,grocery_and_pharmacy,-16.0
1622,2020/11/26,parks,-27.0
1623,2020/11/26,transit_stations,-56.0
1624,2020/11/26,workplaces,-34.0
1625,2020/11/26,residential,18.0
1626,2020/11/27,retail_and_recreation,-51.0
1627,2020/11/27,grocery_and_pharmacy,-13.0
1628,2020/11/27,parks,-37.0
1629,2020/11/27,transit_stations,-57.0
1630,2020/11/27,workplaces,-34.0
1631,2020/11/27,residential,19.0
1632,2020/11/28,retail_and_recreation,-57.0
1633,2020/11/28,grocery_and_pharmacy,-19.0
1634,2020/11/28,parks,-37.0
1635,2020/11/28,transit_stations,-58.0
1636,2020/11/28,workplaces,-32.0
1637,2020/11/28,residential,17.0
1638,2020/11/29,retail_and_recreation,-62.0
1639,2020/11/29,grocery_and_pharmacy,-33.0
1640,2020/11/29,parks,-42.0
1641,2020/11/29,transit_stations,-60.0
1642,2020/11/29,workplaces,-30.0
1643,2020/11/29,residential,16.0
1644,2020/11/30,retail_and_recreation,-41.0
1645,2020/11/30,grocery_and_pharmacy,-14.0
1646,2020/11/30,parks,-26.0
1647,2020/11/30,transit_stations,-53.0
1648,2020/11/30,workplaces,-31.0
1649,2020/11/30,residential,15.0
1650,2020/12/01,retail_and_recreation,-40.0
1651,2020/12/01,grocery_and_pharmacy,-8.0
1652,2020/12/01,parks,-27.0
1653,2020/12/01,transit_stations,-52.0
1654,2020/12/01,workplaces,-31.0
1655,2020/12/01,residential,16.0
1656,2020/12/02,retail_and_recreation,-47.0
1657,2020/12/02,grocery_and_pharmacy,-17.0
1658,2020/12/02,parks,-45.0
1659,2020/12/02,transit_stations,-55.0
1660,2020/12/02,workplaces,-31.0
1661,2020/12/02,residential,17.0
1662,2020/12/03,retail_and_recreation,-41.0
1663,2020/12/03,grocery_and_pharmacy,-6.0
1664,2020/12/03,parks,-33.0
1665,2020/12/03,transit_stations,-52.0
1666,2020/12/03,workplaces,-30.0
1667,2020/12/03,residential,16.0
1668,2020/12/04,retail_and_recreation,-50.0
1669,2020/12/04,grocery_and_pharmacy,-20.0
1670,2020/12/04,parks,-55.0
1671,2020/12/04,transit_stations,-55.0
1672,2020/12/04,workplaces,-32.0
1673,2020/12/04,residential,19.0
1674,2020/12/05,retail_and_recreation,-52.0
1675,2020/12/05,grocery_and_pharmacy,-15.0
1676,2020/12/05,parks,-58.0
1677,2020/12/05,transit_stations,-55.0
1678,2020/12/05,workplaces,-30.0
1679,2020/12/05,residential,16.0
1680,2020/12/06,retail_and_recreation,-64.0
1681,2020/12/06,grocery_and_pharmacy,-31.0
1682,2020/12/06,parks,-68.0
1683,2020/12/06,transit_stations,-63.0
1684,2020/12/06,workplaces,-29.0
1685,2020/12/06,residential,16.0
1686,2020/12/07,retail_and_recreation,-34.0
1687,2020/12/07,grocery_and_pharmacy,3.0
1688,2020/12/07,parks,-30.0
1689,2020/12/07,transit_stations,-60.0
1690,2020/12/07,workplaces,-59.0
1691,2020/12/07,residential,22.0
1692,2020/12/08,retail_and_recreation,-62.0
1693,2020/12/08,grocery_and_pharmacy,-41.0
1694,2020/12/08,parks,-52.0
1695,2020/12/08,transit_stations,-74.0
1696,2020/12/08,workplaces,-82.0
1697,2020/12/08,residential,35.0
1698,2020/12/09,retail_and_recreation,-38.0
1699,2020/12/09,grocery_and_pharmacy,-6.0
1700,2020/12/09,parks,-41.0
1701,2020/12/09,transit_stations,-50.0
1702,2020/12/09,workplaces,-28.0
1703,2020/12/09,residential,15.0
1704,2020/12/10,retail_and_recreation,-36.0
1705,2020/12/10,grocery_and_pharmacy,-2.0
1706,2020/12/10,parks,-25.0
1707,2020/12/10,transit_stations,-47.0
1708,2020/12/10,workplaces,-28.0
1709,2020/12/10,residential,14.0
1710,2020/12/11,retail_and_recreation,-39.0
1711,2020/12/11,grocery_and_pharmacy,-2.0
1712,2020/12/11,parks,-35.0
1713,2020/12/11,transit_stations,-49.0
1714,2020/12/11,workplaces,-28.0
1715,2020/12/11,residential,16.0
1716,2020/12/12,retail_and_recreation,-44.0
1717,2020/12/12,grocery_and_pharmacy,-8.0
1718,2020/12/12,parks,-29.0
1719,2020/12/12,transit_stations,-45.0
1720,2020/12/12,workplaces,-23.0
1721,2020/12/12,residential,14.0
1722,2020/12/13,retail_and_recreation,-33.0
1723,2020/12/13,grocery_and_pharmacy,-19.0
1724,2020/12/13,parks,-4.0
1725,2020/12/13,transit_stations,-34.0
1726,2020/12/13,workplaces,-14.0
1727,2020/12/13,residential,8.0
1728,2020/12/14,retail_and_recreation,-23.0
1729,2020/12/14,grocery_and_pharmacy,-7.0
1730,2020/12/14,parks,-18.0
1731,2020/12/14,transit_stations,-45.0
1732,2020/12/14,workplaces,-27.0
1733,2020/12/14,residential,11.0
1734,2020/12/15,retail_and_recreation,-21.0
1735,2020/12/15,grocery_and_pharmacy,-1.0
1736,2020/12/15,parks,-13.0
1737,2020/12/15,transit_stations,-43.0
1738,2020/12/15,workplaces,-27.0
1739,2020/12/15,residential,12.0
1740,2020/12/16,retail_and_recreation,-23.0
1741,2020/12/16,grocery_and_pharmacy,1.0
1742,2020/12/16,parks,-22.0
1743,2020/12/16,transit_stations,-43.0
1744,2020/12/16,workplaces,-26.0
1745,2020/12/16,residential,12.0
1746,2020/12/17,retail_and_recreation,-21.0
1747,2020/12/17,grocery_and_pharmacy,3.0
1748,2020/12/17,parks,-16.0
1749,2020/12/17,transit_stations,-41.0
1750,2020/12/17,workplaces,-26.0
1751,2020/12/17,residential,11.0
1752,2020/12/18,retail_and_recreation,-22.0
1753,2020/12/18,grocery_and_pharmacy,4.0
1754,2020/12/18,parks,-19.0
1755,2020/12/18,transit_stations,-40.0
1756,2020/12/18,workplaces,-26.0
1757,2020/12/18,residential,12.0
1758,2020/12/19,retail_and_recreation,-30.0
1759,2020/12/19,grocery_and_pharmacy,-5.0
1760,2020/12/19,parks,-10.0
1761,2020/12/19,transit_stations,-31.0
1762,2020/12/19,workplaces,-21.0
1763,2020/12/19,residential,8.0
1764,2020/12/20,retail_and_recreation,-40.0
1765,2020/12/20,grocery_and_pharmacy,-16.0
1766,2020/12/20,parks,-50.0
1767,2020/12/20,transit_stations,-44.0
1768,2020/12/20,workplaces,-11.0
1769,2020/12/20,residential,8.0
1770,2020/12/21,retail_and_recreation,-13.0
1771,2020/12/21,grocery_and_pharmacy,9.0
1772,2020/12/21,parks,-20.0
1773,2020/12/21,transit_stations,-45.0
1774,2020/12/21,workplaces,-28.0
1775,2020/12/21,residential,10.0
1776,2020/12/22,retail_and_recreation,-10.0
1777,2020/12/22,grocery_and_pharmacy,20.0
1778,2020/12/22,parks,6.0
1779,2020/12/22,transit_stations,-40.0
1780,2020/12/22,workplaces,-28.0
1781,2020/12/22,residential,10.0
1782,2020/12/23,retail_and_recreation,-6.0
1783,2020/12/23,grocery_and_pharmacy,40.0
1784,2020/12/23,parks,-2.0
1785,2020/12/23,transit_stations,-40.0
1786,2020/12/23,workplaces,-34.0
1787,2020/12/23,residential,10.0
1788,2020/12/24,retail_and_recreation,-53.0
1789,2020/12/24,grocery_and_pharmacy,11.0
1790,2020/12/24,parks,-50.0
1791,2020/12/24,transit_stations,-67.0
1792,2020/12/24,workplaces,-67.0
1793,2020/12/24,residential,28.0
1794,2020/12/25,retail_and_recreation,-89.0
1795,2020/12/25,grocery_and_pharmacy,-89.0
1796,2020/12/25,parks,-71.0
1797,2020/12/25,transit_stations,-86.0
1798,2020/12/25,workplaces,-87.0
1799,2020/12/25,residential,36.0
1800,2020/12/26,retail_and_recreation,-85.0
1801,2020/12/26,grocery_and_pharmacy,-79.0
1802,2020/12/26,parks,-32.0
1803,2020/12/26,transit_stations,-73.0
1804,2020/12/26,workplaces,-68.0
1805,2020/12/26,residential,22.0
1806,2020/12/27,retail_and_recreation,-71.0
1807,2020/12/27,grocery_and_pharmacy,-28.0
1808,2020/12/27,parks,-53.0
1809,2020/12/27,transit_stations,-66.0
1810,2020/12/27,workplaces,-27.0
1811,2020/12/27,residential,15.0
1812,2020/12/28,retail_and_recreation,-55.0
1813,2020/12/28,grocery_and_pharmacy,-30.0
1814,2020/12/28,parks,-21.0
1815,2020/12/28,transit_stations,-60.0
1816,2020/12/28,workplaces,-63.0
1817,2020/12/28,residential,27.0
1818,2020/12/29,retail_and_recreation,-34.0
1819,2020/12/29,grocery_and_pharmacy,10.0
1820,2020/12/29,parks,-26.0
1821,2020/12/29,transit_stations,-54.0
1822,2020/12/29,workplaces,-53.0
1823,2020/12/29,residential,21.0
1824,2020/12/30,retail_and_recreation,-26.0
1825,2020/12/30,grocery_and_pharmacy,38.0
1826,2020/12/30,parks,-16.0
1827,2020/12/30,transit_stations,-50.0
1828,2020/12/30,workplaces,-51.0
1829,2020/12/30,residential,19.0
